<?xml version="1.0" encoding="UTF-8"?>

<mule xmlns:tracking="http://www.mulesoft.org/schema/mule/ee/tracking" xmlns:http="http://www.mulesoft.org/schema/mule/http"
	xmlns:dynamics365ForOperations="http://www.mulesoft.org/schema/mule/dynamics365ForOperations"
	xmlns:ee="http://www.mulesoft.org/schema/mule/ee/core" xmlns="http://www.mulesoft.org/schema/mule/core" xmlns:doc="http://www.mulesoft.org/schema/mule/documentation" xmlns:xsi="http://www.w3.org/2001/XMLSchema-instance" xsi:schemaLocation="http://www.mulesoft.org/schema/mule/core http://www.mulesoft.org/schema/mule/core/current/mule.xsd
http://www.mulesoft.org/schema/mule/ee/core http://www.mulesoft.org/schema/mule/ee/core/current/mule-ee.xsd
http://www.mulesoft.org/schema/mule/dynamics365ForOperations http://www.mulesoft.org/schema/mule/dynamics365ForOperations/current/mule-dynamics365ForOperations.xsd
http://www.mulesoft.org/schema/mule/http http://www.mulesoft.org/schema/mule/http/current/mule-http.xsd
http://www.mulesoft.org/schema/mule/ee/tracking http://www.mulesoft.org/schema/mule/ee/tracking/current/mule-tracking-ee.xsd">
	<dynamics365ForOperations:dynamics-365-for-operations-config name="d365-configuration" doc:name="Dynamics 365 For Operations Dynamics 365 for operations" doc:id="f6a735d5-48bf-481c-ba5d-82a5bf44403d" tracking:enable-default-events="false">
		<dynamics365ForOperations:oauth-client-credentials-connection resource="${d365.endpoint}" >
			<dynamics365ForOperations:oauth-client-credentials clientId="${d365.client_id}" clientSecret="${d365.client_secret}" tokenUrl="${d365.token_url}" scopes="${d365.scopes}" />
		</dynamics365ForOperations:oauth-client-credentials-connection>
	</dynamics365ForOperations:dynamics-365-for-operations-config>
	<flow name="get-customer-by-id" doc:id="a7de7778-8281-48ca-8845-924969fe0f58" >
		<flow-ref doc:name="get-customer" doc:id="bfe73c78-54a5-45eb-8357-387930307834" name="get-customer"/>
		<flow-ref doc:name="get-addresses" doc:id="bdf7bd1c-c801-4ee9-9d36-ec590395f703" name="get-addresses"/>
		<flow-ref doc:name="get-contact" doc:id="1835110d-d059-4498-9394-4ecea36ecfd0" name="get-contact"/>
		<flow-ref doc:name="get-balance" doc:id="99c4bc4a-286f-4fe8-85bd-fa1049852c85" name="get-balance"/>
		<flow-ref doc:name="get-jurisdiction" doc:id="b854056e-4499-40fa-a89a-bcdf6c0c470d" name="get-jurisdiction"/>
		<ee:transform doc:name="general map" doc:id="48ac3995-a12e-410b-ac99-b9e77023c96b" >
			<ee:message >
				<ee:set-payload ><![CDATA[%dw 2.0
output application/json
---
vars.customer[0] ++ 
{
    "account": vars.balance,
    "contacts": vars.contact,
    "addresses" : vars.address,
    "jurisdiction": vars.jurisdiction
}]]></ee:set-payload>
			</ee:message>
		</ee:transform>
		<logger level="INFO" doc:name="Logger" doc:id="dfe96db9-53b6-4471-ba3e-c755e437d053" />
	</flow>
	<flow name="create-customer" doc:id="5142445c-f21c-4b50-8586-e6f2db791400" >
		<flow-ref doc:name="post-customer" doc:id="c7b5953a-1bdb-4597-9366-a5514682123e" name="post-customer"/>
		<flow-ref doc:name="post-addresses" doc:id="bc8c4626-2a26-4c3a-b58c-bb31d58bf0dd" name="post-address"/>
		<flow-ref doc:name="post-contact" doc:id="8cd25dab-bf69-4956-b3f0-5dd097ce6d54" name="post-contact"/>
		<flow-ref doc:name="post-balance" doc:id="e24b2a25-7ce0-4082-ade7-d5bbe567696c" name="post-balance"/>
		<flow-ref doc:name="post-jurisdiction" doc:id="23aae773-b7cd-490f-a797-89ff7743bf68" name="post-jurisdiction"/>
		<logger level="INFO" doc:name="Logger" doc:id="64927dc7-11e1-4714-a85f-7bf5c4cfb243" />
	</flow>
	<flow name="update-customer" doc:id="1b26db93-b94b-40b5-9014-1d525eb107d6" >
		<ee:transform doc:name="Transform Message" doc:id="c16c778c-9a01-4fdb-896c-f56dfa2d9613" >
			<ee:message >
			</ee:message>
			<ee:variables >
				<ee:set-variable variableName="customer" ><![CDATA[%dw 2.0
output application/json
---
{
	value: {
		PersonFirstName: payload.firstName,
		PersonMiddleName: payload.middlerName,
		PersonLastName: payload.lastName,
		OrganizationName: payload.organization,
		LanguageId: payload.languague,
		CustomerType: payload.idType,
		email: {
			PrimaryContactEmail: payload.address,
			PrimaryContactEmailDescription: payload.description
		},
		phone: {
			PrimaryContactPhone: payload.number,
			PrimaryContactPhoneDescription: payload.description,
			PrimaryContactPhoneIsMobile: payload.isMobile
		},
		account: {
			CustomerGroupId: payload.group,
			CustomerAccount: payload.number,
			AccountStatement: payload.statement,
			SalesCurrencyCode: payload.currency
		},
		sale: {
			CommissionSalesGroupId: payload.group,
			SalesSegmentId: payload.segment,
			SalesSubsegmentId: payload.subSegment
		}
	}
}]]></ee:set-variable>
			</ee:variables>
		</ee:transform>
		<logger level="INFO" doc:name="Logger" doc:id="f853c9ab-8dce-4fb0-8c3f-bf6c45bfc483" />
	</flow>
</mule>
