<?xml version="1.0" encoding="UTF-8"?>
<mule xmlns="http://www.mulesoft.org/schema/mule/core" xmlns:apikit="http://www.mulesoft.org/schema/mule/mule-apikit" xmlns:doc="http://www.mulesoft.org/schema/mule/documentation" xmlns:ee="http://www.mulesoft.org/schema/mule/ee/core" xmlns:http="http://www.mulesoft.org/schema/mule/http" xmlns:xsi="http://www.w3.org/2001/XMLSchema-instance" xsi:schemaLocation="http://www.mulesoft.org/schema/mule/core http://www.mulesoft.org/schema/mule/core/current/mule.xsd http://www.mulesoft.org/schema/mule/http http://www.mulesoft.org/schema/mule/http/current/mule-http.xsd http://www.mulesoft.org/schema/mule/mule-apikit http://www.mulesoft.org/schema/mule/mule-apikit/current/mule-apikit.xsd http://www.mulesoft.org/schema/mule/ee/core http://www.mulesoft.org/schema/mule/ee/core/current/mule-ee.xsd ">
    <http:listener-config name="d365-commerce-system-api-httpListenerConfig">
        <http:listener-connection host="0.0.0.0" port="8082" />
    </http:listener-config>
    <apikit:config name="d365-commerce-system-api-config" api="resource::6df98ec4-33ce-463e-a498-4e486a486a8b:customers-system-api:1.0.3:oas:zip:customers-system-api.yaml" outboundHeadersMapName="outboundHeaders" httpStatusVarName="httpStatus" />
    <flow name="d365-commerce-system-api-main">
        <http:listener config-ref="d365-commerce-system-api-httpListenerConfig" path="/*">
            <http:response statusCode="#[vars.httpStatus default 200]">
                <http:headers><![CDATA[#[vars.outboundHeaders default {}]]]></http:headers>
            </http:response>
            <http:error-response statusCode="#[vars.httpStatus default 500]">
                <http:body><![CDATA[#[payload]]]></http:body>
                <http:headers><![CDATA[#[vars.outboundHeaders default {}]]]></http:headers>
            </http:error-response>
        </http:listener>
        <apikit:router config-ref="d365-commerce-system-api-config" />
        <error-handler>
            <on-error-propagate type="APIKIT:BAD_REQUEST">
                <ee:transform>
                    <ee:message>
                        <ee:set-payload><![CDATA[%dw 2.0
output application/json
---
{message: "Bad request"}]]></ee:set-payload>
                    </ee:message>
                    <ee:variables>
                        <ee:set-variable variableName="httpStatus">400</ee:set-variable>
                    </ee:variables>
                </ee:transform>
            </on-error-propagate>
            <on-error-propagate type="APIKIT:NOT_FOUND">
                <ee:transform>
                    <ee:message>
                        <ee:set-payload><![CDATA[%dw 2.0
output application/json
---
{message: "Resource not found"}]]></ee:set-payload>
                    </ee:message>
                    <ee:variables>
                        <ee:set-variable variableName="httpStatus">404</ee:set-variable>
                    </ee:variables>
                </ee:transform>
            </on-error-propagate>
            <on-error-propagate type="APIKIT:METHOD_NOT_ALLOWED">
                <ee:transform>
                    <ee:message>
                        <ee:set-payload><![CDATA[%dw 2.0
output application/json
---
{message: "Method not allowed"}]]></ee:set-payload>
                    </ee:message>
                    <ee:variables>
                        <ee:set-variable variableName="httpStatus">405</ee:set-variable>
                    </ee:variables>
                </ee:transform>
            </on-error-propagate>
            <on-error-propagate type="APIKIT:NOT_ACCEPTABLE">
                <ee:transform>
                    <ee:message>
                        <ee:set-payload><![CDATA[%dw 2.0
output application/json
---
{message: "Not acceptable"}]]></ee:set-payload>
                    </ee:message>
                    <ee:variables>
                        <ee:set-variable variableName="httpStatus">406</ee:set-variable>
                    </ee:variables>
                </ee:transform>
            </on-error-propagate>
            <on-error-propagate type="APIKIT:UNSUPPORTED_MEDIA_TYPE">
                <ee:transform>
                    <ee:message>
                        <ee:set-payload><![CDATA[%dw 2.0
output application/json
---
{message: "Unsupported media type"}]]></ee:set-payload>
                    </ee:message>
                    <ee:variables>
                        <ee:set-variable variableName="httpStatus">415</ee:set-variable>
                    </ee:variables>
                </ee:transform>
            </on-error-propagate>
            <on-error-propagate type="APIKIT:NOT_IMPLEMENTED">
                <ee:transform>
                    <ee:message>
                        <ee:set-payload><![CDATA[%dw 2.0
output application/json
---
{message: "Not Implemented"}]]></ee:set-payload>
                    </ee:message>
                    <ee:variables>
                        <ee:set-variable variableName="httpStatus">501</ee:set-variable>
                    </ee:variables>
                </ee:transform>
            </on-error-propagate>
        </error-handler>
    </flow>
    <flow name="d365-commerce-system-api-console">
        <http:listener config-ref="d365-commerce-system-api-httpListenerConfig" path="/console/*">
            <http:response statusCode="#[vars.httpStatus default 200]">
                <http:headers>#[vars.outboundHeaders default {}]</http:headers>
            </http:response>
            <http:error-response statusCode="#[vars.httpStatus default 500]">
                <http:body>#[payload]</http:body>
                <http:headers>#[vars.outboundHeaders default {}]</http:headers>
            </http:error-response>
        </http:listener>
        <apikit:console config-ref="d365-commerce-system-api-config" />
        <error-handler>
            <on-error-propagate type="APIKIT:NOT_FOUND">
                <ee:transform>
                    <ee:message>
                        <ee:set-payload><![CDATA[%dw 2.0
output application/json
---
{message: "Resource not found"}]]></ee:set-payload>
                    </ee:message>
                    <ee:variables>
                        <ee:set-variable variableName="httpStatus">404</ee:set-variable>
                    </ee:variables>
                </ee:transform>
            </on-error-propagate>
        </error-handler>
    </flow>
    <flow name="get:\customers:d365-commerce-system-api-config">
        <logger level="INFO" message="get:\customers:d365-commerce-system-api-config" />
        <flow-ref doc:name="Flow Reference" doc:id="69aa26e6-3120-403a-a06e-79649d3d7205" name="get-customer-by-id" />
    </flow>
    <flow name="post:\customers:application\json:d365-commerce-system-api-config">
        <logger level="INFO" message="post:\customers:application\json:d365-commerce-system-api-config" />
        <flow-ref doc:name="Flow Reference" doc:id="f177028c-1755-4da1-b2f6-191a52c9d576" name="create-customer" />
    </flow>
    <flow name="get:\customers\(id):d365-commerce-system-api-config">
        <logger level="INFO" message="get:\customer\(id):d365-commerce-system-api-config" />
        <ee:transform doc:name="idCustomer">
            <ee:variables>
                <ee:set-variable variableName="id">attributes.uriParams.'id'</ee:set-variable>
            </ee:variables>
        </ee:transform>
        <flow-ref doc:name="Flow Reference" doc:id="c6b15abf-38b5-4ce9-903c-dee1a3daf8f9" name="get-customer-by-id" />
    </flow>
    <flow name="put:\customers\(id):application\json:d365-commerce-system-api-config">
        <ee:transform>
            <ee:variables>
                <ee:set-variable variableName="id">attributes.uriParams.'id'</ee:set-variable>
            </ee:variables>
        </ee:transform>
        <logger level="INFO" message="put:\customers\(id):application\json:d365-commerce-system-api-config" />
        <flow-ref doc:name="Flow Reference" doc:id="46d463e7-6cd6-4835-9d74-c8dce54b50d8" name="update-customer" />
    </flow>
    <flow name="delete:\customers\(id):d365-commerce-system-api-config">
        <ee:transform>
            <ee:variables>
                <ee:set-variable variableName="id">attributes.uriParams.'id'</ee:set-variable>
            </ee:variables>
        </ee:transform>
        <logger level="INFO" message="delete:\customers\(id):d365-commerce-system-api-config" />
    </flow>
</mule>
