<?xml version="1.0" encoding="UTF-8"?>

<mule xmlns:dynamics="http://www.mulesoft.org/schema/mule/dynamics" xmlns:dynamics365ForOperations="http://www.mulesoft.org/schema/mule/dynamics365ForOperations"
	xmlns:ee="http://www.mulesoft.org/schema/mule/ee/core"
	xmlns="http://www.mulesoft.org/schema/mule/core" xmlns:doc="http://www.mulesoft.org/schema/mule/documentation" xmlns:xsi="http://www.w3.org/2001/XMLSchema-instance" xsi:schemaLocation="http://www.mulesoft.org/schema/mule/core http://www.mulesoft.org/schema/mule/core/current/mule.xsd
http://www.mulesoft.org/schema/mule/ee/core http://www.mulesoft.org/schema/mule/ee/core/current/mule-ee.xsd
http://www.mulesoft.org/schema/mule/dynamics365ForOperations http://www.mulesoft.org/schema/mule/dynamics365ForOperations/current/mule-dynamics365ForOperations.xsd
http://www.mulesoft.org/schema/mule/dynamics http://www.mulesoft.org/schema/mule/dynamics/current/mule-dynamics.xsd">
	<dynamics365ForOperations:dynamics-365-for-operations-config name="Dynamics_365_For_Operations_Dynamics_365_for_operations" doc:name="Dynamics 365 For Operations Dynamics 365 for operations" doc:id="9481933d-a858-4e70-afda-fb9c92aec04d" >
		<dynamics365ForOperations:oauth-client-credentials-connection resource="${d365.endpoint}" >
			<dynamics365ForOperations:oauth-client-credentials clientId="${d365.client_id}" clientSecret="${d365.client_secret}" tokenUrl="${d365.token_url}" scopes="${d365.scopes}" />
		</dynamics365ForOperations:oauth-client-credentials-connection>
	</dynamics365ForOperations:dynamics-365-for-operations-config>
	<flow name="get-customer" doc:id="7c2788a4-71e6-486e-8bb6-face66aac299" >
		<dynamics365ForOperations:retrieve-multiple doc:name="customer" doc:id="a2b545e2-56f4-4636-9e01-9b72742146b2" config-ref="d365-configuration">
			<dynamics365ForOperations:data-query-url><![CDATA[${d365.customer.path}?$top=1]]></dynamics365ForOperations:data-query-url>
		</dynamics365ForOperations:retrieve-multiple>
		<ee:transform doc:name="customer to Json" doc:id="71d93f24-135f-4b87-bb74-a8f62e5a1355">
			<ee:message>
			</ee:message>
			<ee:variables>
				<ee:set-variable variableName="customer"><![CDATA[%dw 2.0
output application/json
---
payload]]></ee:set-variable>
			</ee:variables>
		</ee:transform>
		<ee:transform doc:name="customer map" doc:id="75446b3b-701e-4697-9e7f-d57ae0782921">
			<ee:message>
			</ee:message>
			<ee:variables>
				<ee:set-variable variableName="customer"><![CDATA[%dw 2.0
output application/json
---
vars.customer map ( customer , indexOfCustomer ) -> {
	customerAccount: customer.customerAccount,
	firstName: customer.PersonFirstName,
	middleName: customer.PersonMiddleName,
	lastName: customer.PersonLastName,
	organization: customer.OrganizationName,
	languague: customer.LanguageId,
	idType: customer.CustomerType,
	idNumber: customer.IdentificationNumber,
	email: {
		address: customer.PrimaryContactEmail,
		description: customer.PrimaryContactEmailDescription
	},
	phone: {
		number: customer.PrimaryContactPhone,
		description: customer.PrimaryContactPhoneDescription,
		isMobile: if (customer.PrimaryContactPhoneIsMobile == "Yes") true else false
	},
	paymentMethod: customer.PaymentMethod,
	paymentTerms: customer.PaymentTerms,
	segment: customer.SalesSegmentId,
	subSegment: customer.SalesSubsegmentId
}]]></ee:set-variable>
			</ee:variables>
		</ee:transform>
	
</flow>
<flow name="get-addresses" doc:id="ac196a36-adec-482e-99d7-a2521ac6e21a" >
		<dynamics365ForOperations:retrieve-multiple doc:name="addresses" doc:id="12d138d8-48d9-4b21-8e06-4d14e6551095" config-ref="d365-configuration">
			<dynamics365ForOperations:data-query-url><![CDATA[${d365.address.path}?$top=1]]></dynamics365ForOperations:data-query-url>
		</dynamics365ForOperations:retrieve-multiple>
		<ee:transform doc:name="addresses to Json" doc:id="18e32f30-65b5-48ce-93fe-575d7cbd3f22">
			<ee:message>

			</ee:message>
			<ee:variables>
				<ee:set-variable variableName="address" ><![CDATA[%dw 2.0
output application/json
---
payload]]></ee:set-variable>
			
</ee:variables>
		</ee:transform>
		<ee:transform doc:name="addresses map" doc:id="ff82774e-bda4-44e9-b45a-6ca87bd25d41" >
			<ee:message >
			</ee:message>
			<ee:variables >
				<ee:set-variable variableName="address" ><![CDATA[%dw 2.0
output application/json
---
vars.address map ( address , indexOfAddress ) -> {
	street: address.AddressStreet,
	streetNumer: address.AddressStreetNumber,
	zipCode: address.AddressZipCode,
	city: address.AddressCity,
	state: address.AddressState,
	countryCode: address.AddressCountryRegionId,
	countryIsoCode: address.AddressCountryRegionISOCode,
	description: address.AddressDescription,
	role: address.AddressLocationRoles,
	primary: if (vars.address.IsPrimary == "Yes") true else false,
	postal: if (vars.address.IsPostalAddress == "Yes") true else false,
	owner: if (vars.address.IsLocationOwner == "Yes") true else false,
	latitude: address.AddressLatitude as String,
	longitude: address.AddressLongitude as String
}]]></ee:set-variable>
			</ee:variables>
		</ee:transform>
	</flow>
	<flow name="get-contact" doc:id="b890a819-e011-4d44-aaa7-0ba5defa00df" >
		<dynamics365ForOperations:retrieve-multiple doc:name="contact" doc:id="5bec6849-adfa-4c15-a490-10bb3a051f37" config-ref="d365-configuration">
			<dynamics365ForOperations:data-query-url><![CDATA[${d365.contact.path}?$top=1]]></dynamics365ForOperations:data-query-url>
		</dynamics365ForOperations:retrieve-multiple>
		<ee:transform doc:name="contact to Json" doc:id="a0796503-cddd-41de-8ee5-60f07ec5fd8b">
			<ee:message>

			</ee:message>
			<ee:variables>
				<ee:set-variable variableName="contact" ><![CDATA[%dw 2.0
output application/json
---
payload]]></ee:set-variable>
			
</ee:variables>
		</ee:transform>
		<ee:transform doc:name="contact map" doc:id="2b2aa9cf-8331-4644-861a-a41905c24b79" >
			<ee:message >
			</ee:message>
			<ee:variables >
				<ee:set-variable variableName="contact" ><![CDATA[%dw 2.0
output application/json
---
vars.contact map ( contact , indexOfContact ) -> {
	description: contact.Description,
	"type": contact.Type,
	mobile: if (payload.IsMobilePhone == "Yes") true else false,
    primary: if (payload.IsPrimary == "Yes") true else false,
	Address: contact.contactos
}]]></ee:set-variable>
			</ee:variables>
		</ee:transform>
	</flow>
	<flow name="get-balance" doc:id="0b41dc93-7c3a-4ba1-8c2d-d2275b85557d" >
		<dynamics365ForOperations:retrieve-multiple doc:name="balance" doc:id="ba54db3e-c2bd-4af1-864c-5056a908cf8b" config-ref="d365-configuration">
			<dynamics365ForOperations:data-query-url><![CDATA[${d365.balance.path}?$top=1]]></dynamics365ForOperations:data-query-url>
		</dynamics365ForOperations:retrieve-multiple>
		<ee:transform doc:name="balance to Json" doc:id="3c32fbb9-650e-442b-986f-d84b4add3ecf">
			<ee:message>

			</ee:message>
			<ee:variables>
				<ee:set-variable variableName="balance" ><![CDATA[%dw 2.0
output application/json
---
payload]]></ee:set-variable>
			
</ee:variables>
		</ee:transform>
		<ee:transform doc:name="balance map" doc:id="c250b394-86cb-4a48-9532-d6c543ecff84" >
			<ee:message >
			</ee:message>
			<ee:variables >
				<ee:set-variable variableName="balance" ><![CDATA[%dw 2.0
output application/json
---
vars.balance map ( balance , indexOfBalance ) -> {
	group: balance.dataAreaId,
	number: balance.AccountNum,
	statement: balance.AmountCur as String,
	currency: balance.IdTrans as String
}]]></ee:set-variable>
			</ee:variables>
		</ee:transform>
	</flow>
	<flow name="get-jurisdiction" doc:id="e53f81ed-3624-4d36-bbdf-c71ca9a6c462" >
		<dynamics365ForOperations:retrieve-multiple doc:name="jurisdictions" doc:id="9d10001f-a82c-48ec-a363-3c259ca2b4db" config-ref="d365-configuration">
			<dynamics365ForOperations:data-query-url><![CDATA[${d365.jurisdiction.path}?$top=1]]></dynamics365ForOperations:data-query-url>
		</dynamics365ForOperations:retrieve-multiple>
		 <ee:transform doc:name="jurisdictions to Json" doc:id="f724e57b-6727-4e2d-80b7-4cf6911a6732">
			<ee:message>

			</ee:message>
			<ee:variables>
				<ee:set-variable variableName="jurisdiction" ><![CDATA[%dw 2.0
output application/json
---
payload]]></ee:set-variable>
			
</ee:variables>
		</ee:transform>
		<ee:transform doc:name="jurisdiction map" doc:id="0409d435-4ae5-4a2e-9c17-7dba42433e40" >
			<ee:message >
			</ee:message>
			<ee:variables >
				<ee:set-variable variableName="jurisdiction" ><![CDATA[%dw 2.0
output application/json
---
vars.jurisdiction map ( jurisdiction , indexOfJurisdiction ) -> {
		"type": jurisdiction.SimpleCondition,
		vat: jurisdiction.AgreeRate,
		vatCondition: jurisdiction.AgreeRateByVatNum,
		grossInc: jurisdiction.GrossIncomeNum,
		grossIncAgree: jurisdiction.GrossIncomesBase,
		exemptNumber: jurisdiction.ExemptionNum
}]]></ee:set-variable>
			</ee:variables>
		</ee:transform>
	</flow>
</mule>
