<?xml version="1.0" encoding="UTF-8"?>

<mule xmlns:validation="http://www.mulesoft.org/schema/mule/validation"
	xmlns:http="http://www.mulesoft.org/schema/mule/http" xmlns:dynamics365-bc="http://www.mulesoft.org/schema/mule/dynamics365-bc"
	xmlns:dynamics="http://www.mulesoft.org/schema/mule/dynamics"
	xmlns:dynamics365ForOperations="http://www.mulesoft.org/schema/mule/dynamics365ForOperations" xmlns:ee="http://www.mulesoft.org/schema/mule/ee/core" xmlns="http://www.mulesoft.org/schema/mule/core" xmlns:doc="http://www.mulesoft.org/schema/mule/documentation" xmlns:xsi="http://www.w3.org/2001/XMLSchema-instance" xsi:schemaLocation="
http://www.mulesoft.org/schema/mule/validation http://www.mulesoft.org/schema/mule/validation/current/mule-validation.xsd http://www.mulesoft.org/schema/mule/core http://www.mulesoft.org/schema/mule/core/current/mule.xsd
http://www.mulesoft.org/schema/mule/ee/core http://www.mulesoft.org/schema/mule/ee/core/current/mule-ee.xsd
http://www.mulesoft.org/schema/mule/dynamics365ForOperations http://www.mulesoft.org/schema/mule/dynamics365ForOperations/current/mule-dynamics365ForOperations.xsd
http://www.mulesoft.org/schema/mule/dynamics http://www.mulesoft.org/schema/mule/dynamics/current/mule-dynamics.xsd
http://www.mulesoft.org/schema/mule/dynamics365-bc http://www.mulesoft.org/schema/mule/dynamics365-bc/current/mule-dynamics365-bc.xsd
http://www.mulesoft.org/schema/mule/http http://www.mulesoft.org/schema/mule/http/current/mule-http.xsd">
	<http:request-config name="HTTP_Request_configuration" doc:name="HTTP Request configuration" doc:id="0516b7ac-ad52-4fa0-98e0-39cde5182bf2" basePath="${d365.base_path}">
		<http:request-connection host="${d365.endpoint}" />
	</http:request-config>
	<flow name="post-customer" doc:id="ff525267-3046-48da-8d94-7f79f7ed0c82" >
		<ee:transform doc:name="customerBody" doc:id="9a9c5def-ed4d-4c23-a293-02e459fe82e7">
			<ee:message>

			</ee:message>
			<ee:variables>
				<ee:set-variable resource="customerBodyasdasd.dwl" variableName="customer" />
			
</ee:variables>
		</ee:transform>
		<logger level="INFO" doc:name="Logger" doc:id="fef27f61-6a61-4d85-92b2-f4c66269bd7a" message="#[vars.customerBody]"/>
		<http:request method="POST" doc:name="Request" doc:id="03675337-54c0-4fcd-8686-5ee5f4183b45" config-ref="HTTP_Request_configuration" path="${d365.customer.path}">
			<http:body ><![CDATA[#[vars.customer]]]></http:body>
		</http:request>
		<logger level="INFO" doc:name="Logger" doc:id="a469ffaf-a281-43c4-b4e1-b2b7a641f516" message="#[payload]"/>
	
</flow>
	<flow name="post-contact" doc:id="a8414323-3a5d-450e-8d3e-a0b1ceafe3c4" >
		<foreach doc:name="For Each" doc:id="cdb8f849-661c-4f8a-8820-af8389142604" collection="#[payload.contact]">
			<ee:transform doc:name="contactBody" doc:id="330c0464-5d96-44b2-b94d-3cb2c4732ff8">
			<ee:message>
			</ee:message>
				<ee:variables >
					<ee:set-variable variableName="contact" ><![CDATA[%dw 2.0
output application/json
---
{
    PartyNumber: payload.partyNumber,
    Type: payload."Type",
    Description: payload.contactDescription,
    IsPrimary: payload.contactprimary,
    IsPrivate: payload."private",
    IsMobilePhone: payload.mobile,
}]]></ee:set-variable>
				</ee:variables>
		</ee:transform>
			<http:request method="POST" doc:name="Request" doc:id="8c87c83d-8896-455f-b186-085f64925378" config-ref="HTTP_Request_configuration" path="${d365.contact.path}">
			<http:body><![CDATA[#[vars.contact]]]></http:body>
		</http:request>
		</foreach>
	</flow>
	<flow name="post-balance" doc:id="bcbc59f7-4a31-47a9-80da-3bd0a1206061" >
		<ee:transform doc:name="balanceBody" doc:id="ee38e8ac-c332-42a5-b894-068f85ec36ee" >
			<ee:message >
			</ee:message>
			<ee:variables >
				<ee:set-variable variableName="balance" ><![CDATA[%dw 2.0
output application/json
---
{
    dataAreaId: payload.dataAreaId,
    IdTrans: payload.idTrans,
    AmountCur: payload.amountCur,
    Processed: payload.processed,
    AccountNum: payload.CustomerAccount
}]]></ee:set-variable>
			</ee:variables>
		</ee:transform>
		<http:request method="POST" doc:name="Request" doc:id="c9b01d40-87a8-4280-a63d-ffe6cd15b53a" config-ref="HTTP_Request_configuration" path="${d365.balance.path}">
			<http:body ><![CDATA[#[vars.balance]]]></http:body>
		</http:request>
	</flow>
	<flow name="post-jurisdiction" doc:id="29d8c85b-8340-40b0-b10a-417cc466b180" >
		<ee:transform doc:name="customerAccount" doc:id="07a0bc5c-bf65-4582-a40e-947c6df78034" >
			<ee:message >
			</ee:message>
			<ee:variables >
				<ee:set-variable variableName="customerAccount" ><![CDATA[%dw 2.0
output application/json
---
{
	CustAccount: payload.customerAccount
}]]></ee:set-variable>
			</ee:variables>
		</ee:transform>
		<foreach doc:name="For Each" doc:id="282b414a-9327-47e9-95f4-ed5cdf8ae334" collection="#[payload.tax]">
			<ee:transform doc:name="jurisdictionMap" doc:id="4b9f733f-b5ec-440e-b22e-8a9d7354ccb7">
			<ee:message>
			</ee:message>
				<ee:variables >
					<ee:set-variable variableName="jurisdiction" ><![CDATA[%dw 2.0
output application/json
---
{
	JurisdictionId: payload.JurisdictionId,
	SimpleCondition: payload."type",
	AgreeRate: payload.vat,
	AgreeRateByVatNum: payload.vatCondition,
	GrossIncomeNum: payload.grossInc,
	GrossIncomesBase: payload.grossIncAgree,
	ExemptionNum: payload.exemptNumber
}]]></ee:set-variable>
				</ee:variables>
		</ee:transform>
			<ee:transform doc:name="jurisdictionBody" doc:id="35d8fc06-beb5-4d1b-acb2-c062bea84aed" >
				<ee:message >
				</ee:message>
				<ee:variables >
					<ee:set-variable variableName="jurisdiction" ><![CDATA[%dw 2.0
output application/json
---
{
	CustAccount: vars.customerAccount
} ++ payload.jurisdiction]]></ee:set-variable>
				</ee:variables>
			</ee:transform>
			<http:request method="POST" doc:name="Request" doc:id="354be960-eccc-48d6-b2e2-4b84c5ba97b7" config-ref="HTTP_Request_configuration" path="${d365.jurisdiction.path}">
				<http:body><![CDATA[#[vars.jurisdiction]]]></http:body>
			</http:request>
		</foreach>
	</flow>
	<flow name="post-address" doc:id="3dbe078a-cfd5-47b3-aa63-ff4d2961bf99">
        <ee:transform doc:name="addressMap" doc:id="36813060-5932-4f8f-a54a-3d069da44e2b">
            <ee:message />
            <ee:variables>
				<ee:set-variable variableName="address"><![CDATA[%dw 2.0
output application/json
---
{
    AddressStreet: payload.address.street,
	AddressStreetNumber: payload.address.streetNumer,
	AddressZipCode: payload.address.zipCode,
	AddressCity: payload.address.city,
	AddressState: payload.address.state,
	AddressCountryRegionId: payload.address.countryCode,
	AddressCountryRegionISOCode: payload.address.countryIsoCode,
	AddressDescription: payload.address.description,
	AddressLocationRoles: payload.address.role,
	IsPrimary: payload.address.primary,
	IsPostalAddress: payload.address.postal,
	IsLocationOwner: payload.address.owner,
	AddressLatitude: payload.address.latitude,
	AddressLongitude: payload.address.longitude
}]]></ee:set-variable>
				<ee:set-variable variableName="customerAccount" ><![CDATA[%dw 2.0
output application/json
---
payload.customerAccount]]></ee:set-variable>
            
</ee:variables>
        </ee:transform>
        <ee:transform doc:name="count_invoice" doc:id="4e5b38ea-8093-4794-8efe-5a08d6ddc9bc">
            <ee:message>
            </ee:message>
            <ee:variables>
                <ee:set-variable variableName="count_invoice"><![CDATA[%dw 2.0
output application/json
---
sizeOf(payload.address filter () -> $.AddressLocationRoles == "Invoice")]]></ee:set-variable>
            </ee:variables>
        </ee:transform>
        <validation:is-true doc:name="Is true" doc:id="f449be29-8859-4401-8761-0c23dae4fb83" expression="#[vars.count_invoice == 1]" message="Se requiere especificar una dirección de facturación" />
		<foreach doc:name="For Each" doc:id="73af38c9-c671-4267-a1a1-83127d198e79" collection="#[vars.address]">
            <ee:transform doc:name="addressBody" doc:id="398eaefa-3837-494c-8828-52c913d329fb">
                <ee:message>
                </ee:message>
                <ee:variables>
					<ee:set-variable variableName="addressBody" ><![CDATA[%dw 2.0
output application/json
---
{
     CustomerAccountNumber: vars.customerAccount,
} ++ payload]]></ee:set-variable>
                
</ee:variables>
            </ee:transform>
            <http:request method="POST" doc:name="Request" doc:id="3cba8be6-df13-41a2-9d93-bc9a8d813cc6" config-ref="HTTP_Request_configuration" path="${d365.address.path}">
				<http:body><![CDATA[#[vars.addressBody]]]></http:body>
			</http:request>
        </foreach>
    </flow>

</mule>