{
    "id": "20010733",
    "AccountStatement": "Always",
    "AddressBooks": "FBM-CLN",
    "AddressCountryRegionISOCode": "AR",
    "AddressCountryRegionId": "ARG",
    "AddressCounty": "CC",
    "AddressDescription": "Jorge Eduardo Muñoz",
    "AddressLocationRoles": "Invoice",
    "AddressState": "CC",
    "AddressStreet": "2 DE FEBRERO Bº LA LOMA",
    "AddressStreetNumber": "1560",
    "AxxFiscalTaxIdentificationType": "DNI",
    "AxxTaxFiscalIdentificationType_TaxFiscalIdentificationId": "DNI",
    "AxxTaxGrossIncNum": "",
    "AxxTaxPCGrossIncAgreeType": "1",
    "AxxTaxPersonType": "Physic",
    "AxxTaxVATConditionId": "CF",
    "CompanyType": "Blank",
    "CountryRegionId": "ARG",
    "CreditLimit": 5,
    "CreditLimitIsMandatory": "Yes",
    "CustomerAccount": "20010733",
    "CustomerGroupId": "Empleados",
    "CustomerType": "None",
    "dataAreaId": "uni",
    "DeliveryMode": "",
    "DeliveryTerms": "",
    "Enviar": "False",
    "clientes": "Clientes",
    "Estado": "Modificación",
    "Fecha": "2022-09-16T18:19:57Z",
    "LanguageId": "es",
    "LastUpdate": "2022-09-12T20:40:14.243",
    "Name": "   ",
    "NameAlias": "Jorge Eduardo Muñoz",
    "OnHoldStatus": "No",
    "OrganizationName": "Jorge Eduardo Muñoz",
    "Origen": "365",
    "PartyType": "Organization",
    "PaymentMethod": "",
    "PaymentTerms": "",
    "PersonFirstName": "",
    "PersonLastName": "",
    "PersonMiddleName": "",
    "PrimaryContactEmail": "jormunoz@familiabercomat.com",
    "PrimaryContactEmailDescription": "",
    "PrimaryContactPhone": "(362)474-0399",
    "PrimaryContactPhoneDescription": "",
    "PrimaryContactPhoneIsMobile": "No",
    "SalesCurrencyCode": "ARS",
    "SalesSegmentId": "Otros",
    "SalesSubsegmentId": "Empleados",
    "SalesTaxGroup": "C-CF",
    "TaxExemptNumber": "30705480",
    "VATNum": "30705480",
    "MultiLineDiscountCode": "",
    "LineDiscountCode": "",
    "DiscountPriceGroupId": "",
    "InvoiceAccount": "",
    "ContactPersonId": "",
    "ReceiptEmail": "",
    "IdentificationNumber": "",
    "AxxTaxGrossIncomeCondition": "",
    "CustClassificationId": ""
}