{
    "attributes.queryParams.PrimaryContactEmail": "",
    "attributes.queryParams.SalesSegmentId": "",
    "attributes.queryParams.PrimaryContactPhoneIsMobile": "",
    "attributes.queryParams.CustomerType": "",
    "attributes.queryParams.PaymentMethod": "",
    "attributes.queryParams.PrimaryContactEmailDescription": "",
    "attributes.queryParams.PrimaryContactPhone": "",
    "attributes.queryParams.PersonFirstName": "",
    "attributes.queryParams.OrganizationName": "",
    "attributes.queryParams.PaymentTerms": "",
    "attributes.queryParams.PrimaryContactPhoneDescription": "",
    "attributes.queryParams.SalesSubsegmentId": "",
    "attributes.queryParams.PersonLastName": "",
    "attributes.queryParams.IdentificationNumber": "",
    "attributes.queryParams.PersonMiddleName": "",
    "attributes.queryParams.LanguageId": ""
}