{
    "attributes.queryParams.AddressLocationId": "",
    "attributes.queryParams.IsPrimary": "Yes",
    "attributes.queryParams.AddressCountryRegionISOCode": "AR",
    "attributes.queryParams.AddressDescription": "",
    "attributes.queryParams.IsPostalAddress": "Yes",
    "attributes.queryParams.AddressStreetNumber": "",
    "attributes.queryParams.AddressCity": "",
    "attributes.queryParams.IsLocationOwner": "Yes",
    "attributes.queryParams.AddressLocationRoles": "",
    "attributes.queryParams.AddressLongitude": 0,
    "attributes.queryParams.AddressZipCode": "",
    "attributes.queryParams.AddressStreet": "",
    "attributes.queryParams.AddressLatitude": 0,
    "attributes.queryParams.AddressCountryRegionId": "",
    "attributes.queryParams.AddressState": "ER"
}