{
    "AddressCity": "Puerto Tirol",
    "AddressCountryRegionISOCode": "AR",
    "AddressCountryRegionId": "ARG",
    "AddressCountyId": "CC",
    "AddressDescription": "FUNDACION JASY TOVY (LUNA AZUL)",
    "AddressDistrictName": "",
    "AddressLatitude": 0,
    "AddressLocationRoles": "Invoice",
    "AddressLongitude": 0,
    "AddressState": "CC",
    "AddressStreet": "FORMOSA 350\r\nPUERTO TIROL",
    "AddressStreetNumber": "350",
    "AddressZipCode": "3505",
    "BuildingCompliment": "",
    "CustomerAccountNumber": "20819669",
    "CustomerLegalEntityId": "Uni",
    "Effective": "2022-04-27T18:30:35",
    "Enviar": "False",
    "Estado": "Alta",
    "Fecha": "2022-04-27T15:49:34.4307210Z",
    "IsLocationOwner": "Yes",
    "IsPostalAddress": "Yes",
    "IsPrimary": "Yes",
    "LastUpdate": "2022-04-27T15:35:48.68",
    "LocationID": "002049160",
    "Origen": "AX",
    "dataAreaId": "Uni",
    "direcciones": "Direcciones",
    "id": "002049160"
}