{
    "AgreeRate": "0",
    "AgreeRateByVatNum": "0",
    "CMCoefficient": "0",
    "CollectionAgent": "0",
    "CustAccount": "20819669",
    "DateUpdate": "1900-01-01T00:00:00",
    "Enviar": "False",
    "Estado": "",
    "ExemptionNum": "0",
    "Fecha": "2022-04-27T15:36:17.5658059Z",
    "GrossIncomeNum": "  ",
    "GrossIncomesBase": "100",
    "HighRisk": "0",
    "Inscript": "0",
    "JurisdictionId": "909",
    "ManualEditing": "0",
    "Origen": "AX",
    "OvercomeMagnitudes": "No",
    "Reference": "",
    "SimpleCondition": "0",
    "ValidFrom": "2022-05-01T00:00:00",
    "ValidTo": "2022-05-31T00:00:00",
    "id": "20819669-909-20220501",
    "jurisdicciones": "Jurisdicciones"
}